"Data Source","World Development Indicators",

"Last Updated Date","2022-02-15",

"Country Name","Country Code","Indicator Name","Indicator Code","1960","1961","1962","1963","1964","1965","1966","1967","1968","1969","1970","1971","1972","1973","1974","1975","1976","1977","1978","1979","1980","1981","1982","1983","1984","1985","1986","1987","1988","1989","1990","1991","1992","1993","1994","1995","1996","1997","1998","1999","2000","2001","2002","2003","2004","2005","2006","2007","2008","2009","2010","2011","2012","2013","2014","2015","2016","2017","2018","2019","2020",
"Aruba","ABW","Coverage of social insurance programs (% of population)","per_si_allsi.cov_pop_tot","","","","","","","","","","","","","","","","","","","","","","","","","","","","","","","","","","","","","","","","","","","","","","","","","","","","","","","","","","","","","",
"Africa Eastern and Southern","AFE","Coverage of social insurance programs (% of population)","per_si_allsi.cov_pop_tot","","","","","","","","","","","","","","","","","","","","","","","","","","","","","","","","","","","","","","","","","","","","","","","","","","","","","","","","","","","","","",
"Afghanistan","AFG","Coverage of social insurance programs (% of population)","per_si_allsi.cov_pop_tot","","","","","","","","","","","","","","","","","","","","","","","","","","","","","","","","","","","","","","","","","","","","","","","","0.539036879650045","","","","","","","","","","","","","",
"Africa Western and Central","AFW","Coverage of social insurance programs (% of population)","per_si_allsi.cov_pop_tot","","","","","","","","","","","","","","","","","","","","","","","","","","","","","","","","","","","","","","","","","","","","","","","","","","","","","","","","","","","","","",
"Angola","AGO","Coverage of social insurance programs (% of population)","per_si_allsi.cov_pop_tot","","","","","","","","","","","","","","","","","","","","","","","","","","","","","","","","","","","","","","","","","","","","","","","","","","","","","","","","","","","3.632174659","","",
"Albania","ALB","Coverage of social insurance programs (% of population)","per_si_allsi.cov_pop_tot","","","","","","","","","","","","","","","","","","","","","","","","","","","","","","","","","","","","","","","","","","","","","","","","","45.9388082961143","","","","36.2550631549433","","","","","","","","",
"Andorra","AND","Coverage of social insurance programs (% of population)","per_si_allsi.cov_pop_tot","","","","","","","","","","","","","","","","","","","","","","","","","","","","","","","","","","","","","","","","","","","","","","","","","","","","","","","","","","","","","",
"Arab World","ARB","Coverage of social insurance programs (% of population)","per_si_allsi.cov_pop_tot","","","","","","","","","","","","","","","","","","","","","","","","","","","","","","","","","","","","","","","","","","","","","","","","","","","","","","","","","","","","","",
"United Arab Emirates","ARE","Coverage of social insurance programs (% of population)","per_si_allsi.cov_pop_tot","","","","","","","","","","","","","","","","","","","","","","","","","","","","","","","","","","","","","","","","","","","","","","","","","","","","","","","","","","","","","",
"Argentina","ARG","Coverage of social insurance programs (% of population)","per_si_allsi.cov_pop_tot","","","","","","","","","","","","","","","","","","","","","","","","","","","","","","","","","","","","","","","","","","","","","","","22.338095336173","","","","29.5752810172894","29.3321188100386","28.9695600571713","30.5905578010903","31.44235611","","34.6782292","35.36281278","33.90985047","34.30033785","",
"Armenia","ARM","Coverage of social insurance programs (% of population)","per_si_allsi.cov_pop_tot","","","","","","","","","","","","","","","","","","","","","","","","","","","","","","","","","","","","","","","","","","","","","","","","","49.9908614973932","51.2840018602521","52.106110189312","52.8797109236421","53.3627593750861","53.0315119460687","54.7513338154784","53.4184288139101","51.891755326253","55.0573689244771","52.3299844343251","","",
"American Samoa","ASM","Coverage of social insurance programs (% of population)","per_si_allsi.cov_pop_tot","","","","","","","","","","","","","","","","","","","","","","","","","","","","","","","","","","","","","","","","","","","","","","","","","","","","","","","","","","","","","",
"Antigua and Barbuda","ATG","Coverage of social insurance programs (% of population)","per_si_allsi.cov_pop_tot","","","","","","","","","","","","","","","","","","","","","","","","","","","","","","","","","","","","","","","","","","","","","","","","","","","","","","","","","","","","","",
"Australia","AUS","Coverage of social insurance programs (% of population)","per_si_allsi.cov_pop_tot","","","","","","","","","","","","","","","","","","","","","","","","","","","","","","","","","","","","","","","","","","","","","","","","","","","","","","","","","","","","","",
"Austria","AUT","Coverage of social insurance programs (% of population)","per_si_allsi.cov_pop_tot","","","","","","","","","","","","","","","","","","","","","","","","","","","","","","","","","","","","","","","","","","","","","","","","","","","","","","","","","","","","","",
"Azerbaijan","AZE","Coverage of social insurance programs (% of population)","per_si_allsi.cov_pop_tot","","","","","","","","","","","","","","","","","","","","","","","","","","","","","","","","","","","","","","","","","","","","","","","","","","","","","","","","50.6120971907671","","","","","",
"Burundi","BDI","Coverage of social insurance programs (% of population)","per_si_allsi.cov_pop_tot","","","","","","","","","","","","","","","","","","","","","","","","","","","","","","","","","","","","","","","","","","","","","","","","","","","","","","","","","","","","","",
"Belgium","BEL","Coverage of social insurance programs (% of population)","per_si_allsi.cov_pop_tot","","","","","","","","","","","","","","","","","","","","","","","","","","","","","","","","","","","","","","","","","","","","","","","","","","","","","","","","","","","","","",
"Benin","BEN","Coverage of social insurance programs (% of population)","per_si_allsi.cov_pop_tot","","","","","","","","","","","","","","","","","","","","","","","","","","","","","","","","","","","","","","","","","","","","6.62698090721438","","","","","","","","","","","","","","","","","",
"Burkina Faso","BFA","Coverage of social insurance programs (% of population)","per_si_allsi.cov_pop_tot","","","","","","","","","","","","","","","","","","","","","","","","","","","","","","","","","","","","","","","","","","","","","","","","","","","","","","","2.18617357095934","","","","2.700438247","","",
"Bangladesh","BGD","Coverage of social insurance programs (% of population)","per_si_allsi.cov_pop_tot","","","","","","","","","","","","","","","","","","","","","","","","","","","","","","","","","","","","","","","","","","","","","","1.64764635332953","","","","","1.498691912","","","","","","0.950573298991893","","","","",
"Bulgaria","BGR","Coverage of social insurance programs (% of population)","per_si_allsi.cov_pop_tot","","","","","","","","","","","","","","","","","","","","","","","","","","","","","","","","","","","","","","","","","","","","","","","","47.7153619117239","","","","","","","","","","","","","",
"Bahrain","BHR","Coverage of social insurance programs (% of population)","per_si_allsi.cov_pop_tot","","","","","","","","","","","","","","","","","","","","","","","","","","","","","","","","","","","","","","","","","","","","","","","","","","","","","","","","","","","","","",
"Bahamas, The","BHS","Coverage of social insurance programs (% of population)","per_si_allsi.cov_pop_tot","","","","","","","","","","","","","","","","","","","","","","","","","","","","","","","","","","","","","","","","","","","","","","","","","","","","","","","","","","","","","",
"Bosnia and Herzegovina","BIH","Coverage of social insurance programs (% of population)","per_si_allsi.cov_pop_tot","","","","","","","","","","","","","","","","","","","","","","","","","","","","","","","","","","","","","","","","","","","","","","","","41.5237912263429","","","","","","","","40.1629566997666","","","","","",
"Belarus","BLR","Coverage of social insurance programs (% of population)","per_si_allsi.cov_pop_tot","","","","","","","","","","","","","","","","","","","","","","","","","","","","","","","","","","","","","","","","","","","","","","","","","43.085328577589","40.8850369141459","42.3895135052547","","47.9254706372092","48.687496151917","47.1448030325561","49.6906123078658","49.9879494759897","50.6654789940766","48.9162725309144","47.4754519364206","",
"Belize","BLZ","Coverage of social insurance programs (% of population)","per_si_allsi.cov_pop_tot","","","","","","","","","","","","","","","","","","","","","","","","","","","","","","","","","","","","","","","","","","","","","","","","","","28.1895386619671","","","","","","","","","","","",
"Bermuda","BMU","Coverage of social insurance programs (% of population)","per_si_allsi.cov_pop_tot","","","","","","","","","","","","","","","","","","","","","","","","","","","","","","","","","","","","","","","","","","","","","","","","","","","","","","","","","","","","","",
"Bolivia","BOL","Coverage of social insurance programs (% of population)","per_si_allsi.cov_pop_tot","","","","","","","","","","","","","","","","","","","","","","","","","","","","","","","","","","","","","","","","","","","","","","","8.09237474415615","8.08623571169757","8.21736132785646","8.39291048227242","","8.36406027895824","8.54984296223906","","7.77063502396189","7.684082264","7.959401739","7.319455939","7.485718114","8.536836972","",
"Brazil","BRA","Coverage of social insurance programs (% of population)","per_si_allsi.cov_pop_tot","","","","","","","","","","","","","","","","","","","","","","","","","","","","","","","","","","","","","","","","","","","","","","","30.1009390021581","","","27.9467696414169","","28.3104496205996","28.3446475182455","","","30.5353119182891","29.63191264","30.29412086","30.86954781","30.50581513","",
"Barbados","BRB","Coverage of social insurance programs (% of population)","per_si_allsi.cov_pop_tot","","","","","","","","","","","","","","","","","","","","","","","","","","","","","","","","","","","","","","","","","","","","","","","","","","","","","","","","","","","","","",
"Brunei Darussalam","BRN","Coverage of social insurance programs (% of population)","per_si_allsi.cov_pop_tot","","","","","","","","","","","","","","","","","","","","","","","","","","","","","","","","","","","","","","","","","","","","","","","","","","","","","","","","","","","","","",
"Bhutan","BTN","Coverage of social insurance programs (% of population)","per_si_allsi.cov_pop_tot","","","","","","","","","","","","","","","","","","","","","","","","","","","","","","","","","","","","","","","","","","","","","","","","1.43014904016577","","","","","0.712240916240276","","","","","0.89294146445799","","","",
"Botswana","BWA","Coverage of social insurance programs (% of population)","per_si_allsi.cov_pop_tot","","","","","","","","","","","","","","","","","","","","","","","","","","","","","","","","","","","","","","","","","","","","","","","","","","","","","","","","3.767816613","","","","","",
"Central African Republic","CAF","Coverage of social insurance programs (% of population)","per_si_allsi.cov_pop_tot","","","","","","","","","","","","","","","","","","","","","","","","","","","","","","","","","","","","","","","","","","","","","","","","","","","","","","","","","","","","","",
"Canada","CAN","Coverage of social insurance programs (% of population)","per_si_allsi.cov_pop_tot","","","","","","","","","","","","","","","","","","","","","","","","","","","","","","","","","","","","","","","","","","","","","","","","","","","","","","","","","","","","","",
"Central Europe and the Baltics","CEB","Coverage of social insurance programs (% of population)","per_si_allsi.cov_pop_tot","","","","","","","","","","","","","","","","","","","","","","","","","","","","","","","","","","","","","","","","","","","","","","","","","","","","","","","","","","","","","",
"Switzerland","CHE","Coverage of social insurance programs (% of population)","per_si_allsi.cov_pop_tot","","","","","","","","","","","","","","","","","","","","","","","","","","","","","","","","","","","","","","","","","","","","","","","","","","","","","","","","","","","","","",
"Channel Islands","CHI","Coverage of social insurance programs (% of population)","per_si_allsi.cov_pop_tot","","","","","","","","","","","","","","","","","","","","","","","","","","","","","","","","","","","","","","","","","","","","","","","","","","","","","","","","","","","","","",
"Chile","CHL","Coverage of social insurance programs (% of population)","per_si_allsi.cov_pop_tot","","","","","","","","","","","","","","","","","","","","","","","","","","","","","","","","","","","","","","","","","","","","","","","31.8797553893109","","","41.2561616145696","","23.6404420351347","","44.394747665859","","44.9127020912868","","45.67106426","","","",
"China","CHN","Coverage of social insurance programs (% of population)","per_si_allsi.cov_pop_tot","","","","","","","","","","","","","","","","","","","","","","","","","","","","","","","","","","","","","","","","","","","","","","","","","","","","","","35.5795806625965","","","","","","","",
"Cote d'Ivoire","CIV","Coverage of social insurance programs (% of population)","per_si_allsi.cov_pop_tot","","","","","","","","","","","","","","","","","","","","","","","","","","","","","","","","","","","","","","","","","","","20.6152424724155","","","","","","8.07079382477935","","","","","","","7.92254850633665","","","","","",
"Cameroon","CMR","Coverage of social insurance programs (% of population)","per_si_allsi.cov_pop_tot","","","","","","","","","","","","","","","","","","","","","","","","","","","","","","","","","","","","","","","","","","","","","","","","2.80466786947192","","","","","","","3.40811025210118","","","","","","",
"Congo, Dem. Rep.","COD","Coverage of social insurance programs (% of population)","per_si_allsi.cov_pop_tot","","","","","","","","","","","","","","","","","","","","","","","","","","","","","","","","","","","","","","","","","","","","","1.51235605503343","","","","","","","","1.59962111690192","","","","","","","","",
"Congo, Rep.","COG","Coverage of social insurance programs (% of population)","per_si_allsi.cov_pop_tot","","","","","","","","","","","","","","","","","","","","","","","","","","","","","","","","","","","","","","","","","","","","","","8.91479680965519","","","","","","","","","","","","","","","",
"Colombia","COL","Coverage of social insurance programs (% of population)","per_si_allsi.cov_pop_tot","","","","","","","","","","","","","","","","","","","","","","","","","","","","","","","","","","","","","","","","","","","","","","","","","","","9.9349438896222","9.61440839914004","8.89796493036404","","9.2703176583432","10.6573571976303","10.7571994451222","10.458795377041","10.7305552051066","10.82088129653","",
"Comoros","COM","Coverage of social insurance programs (% of population)","per_si_allsi.cov_pop_tot","","","","","","","","","","","","","","","","","","","","","","","","","","","","","","","","","","","","","","","","","","","","","1.8803121284515","","","","","","","","","","","","","","","","",
"Cabo Verde","CPV","Coverage of social insurance programs (% of population)","per_si_allsi.cov_pop_tot","","","","","","","","","","","","","","","","","","","","","","","","","","","","","","","","","","","","","","","","","","","","","","","","6.00064551806937","","","","","","","","","","","","","",
"Costa Rica","CRI","Coverage of social insurance programs (% of population)","per_si_allsi.cov_pop_tot","","","","","","","","","","","","","","","","","","","","","","","","","","","","","","","","","","","","","","","","","","","","","","","","","12.9445352546415","18.8360198836761","14.0517015872946","14.4033982302739","15.0284445170667","","15.56913756","15.66320611","16.53164345","18.28010098","18.2350286","18.35450352","",
"Caribbean small states","CSS","Coverage of social insurance programs (% of population)","per_si_allsi.cov_pop_tot","","","","","","","","","","","","","","","","","","","","","","","","","","","","","","","","","","","","","","","","","","","","","","","","","","","","","","","","","","","","","",
"Cuba","CUB","Coverage of social insurance programs (% of population)","per_si_allsi.cov_pop_tot","","","","","","","","","","","","","","","","","","","","","","","","","","","","","","","","","","","","","","","","","","","","","","","","","","","","","","","","","","","","","",
"Curacao","CUW","Coverage of social insurance programs (% of population)","per_si_allsi.cov_pop_tot","","","","","","","","","","","","","","","","","","","","","","","","","","","","","","","","","","","","","","","","","","","","","","","","","","","","","","","","","","","","","",
"Cayman Islands","CYM","Coverage of social insurance programs (% of population)","per_si_allsi.cov_pop_tot","","","","","","","","","","","","","","","","","","","","","","","","","","","","","","","","","","","","","","","","","","","","","","","","","","","","","","","","","","","","","",
"Cyprus","CYP","Coverage of social insurance programs (% of population)","per_si_allsi.cov_pop_tot","","","","","","","","","","","","","","","","","","","","","","","","","","","","","","","","","","","","","","","","","","","","","","","","","","","","","","","","","","","","","",
"Czech Republic","CZE","Coverage of social insurance programs (% of population)","per_si_allsi.cov_pop_tot","","","","","","","","","","","","","","","","","","","","","","","","","","","","","","","","","","","","","","","","","","","","","","","","","","","","","","","","","","","","","",
"Germany","DEU","Coverage of social insurance programs (% of population)","per_si_allsi.cov_pop_tot","","","","","","","","","","","","","","","","","","","","","","","","","","","","","","","","","","","","","","","","","","","","","","","","","","","","","","","","","","","","","",
"Djibouti","DJI","Coverage of social insurance programs (% of population)","per_si_allsi.cov_pop_tot","","","","","","","","","","","","","","","","","","","","","","","","","","","","","","","","","","","","","","","","","","","","","","","","","","","","","8.50192378981733","","","","","","","","",
"Dominica","DMA","Coverage of social insurance programs (% of population)","per_si_allsi.cov_pop_tot","","","","","","","","","","","","","","","","","","","","","","","","","","","","","","","","","","","","","","","","","","","13.3701014548432","","","","","","","","","","","","","","","","","","",
"Denmark","DNK","Coverage of social insurance programs (% of population)","per_si_allsi.cov_pop_tot","","","","","","","","","","","","","","","","","","","","","","","","","","","","","","","","","","","","","","","","","","","","","","","","","","","","","","","","","","","","","",
"Dominican Republic","DOM","Coverage of social insurance programs (% of population)","per_si_allsi.cov_pop_tot","","","","","","","","","","","","","","","","","","","","","","","","","","","","","","","","","","","","","","","","","","","","","","","","5.42858963791878","4.79105307762038","5.11579130515018","5.78478638711005","6.13029930216611","5.68254966986786","6.21010493046677","6.48566022251038","6.60105381746426","6.72265652053681","4.71885016495689","5.52192160605433","6.3096928213074","",
"Algeria","DZA","Coverage of social insurance programs (% of population)","per_si_allsi.cov_pop_tot","","","","","","","","","","","","","","","","","","","","","","","","","","","","","","","","","","","","","","","","","","","","","","","","","","","","","","","","","","","","","",
"East Asia & Pacific (excluding high income)","EAP","Coverage of social insurance programs (% of population)","per_si_allsi.cov_pop_tot","","","","","","","","","","","","","","","","","","","","","","","","","","","","","","","","","","","","","","","","","","","","","","","","","","","","","","","","","","","","","",
"Early-demographic dividend","EAR","Coverage of social insurance programs (% of population)","per_si_allsi.cov_pop_tot","","","","","","","","","","","","","","","","","","","","","","","","","","","","","","","","","","","","","","","","","","","","","","","","","","","","","","","","","","","","","",
"East Asia & Pacific","EAS","Coverage of social insurance programs (% of population)","per_si_allsi.cov_pop_tot","","","","","","","","","","","","","","","","","","","","","","","","","","","","","","","","","","","","","","","","","","","","","","","","","","","","","","","","","","","","","",
"Europe & Central Asia (excluding high income)","ECA","Coverage of social insurance programs (% of population)","per_si_allsi.cov_pop_tot","","","","","","","","","","","","","","","","","","","","","","","","","","","","","","","","","","","","","","","","","","","","","","","","","","","","","","","","","","","","","",
"Europe & Central Asia","ECS","Coverage of social insurance programs (% of population)","per_si_allsi.cov_pop_tot","","","","","","","","","","","","","","","","","","","","","","","","","","","","","","","","","","","","","","","","","","","","","","","","","","","","","","","","","","","","","",
"Ecuador","ECU","Coverage of social insurance programs (% of population)","per_si_allsi.cov_pop_tot","","","","","","","","","","","","","","","","","","","","","","","","","","","","","","","","","","","","","","","","","","","","","","","","","7.25530477723842","","9.35492559045986","9.57265931490613","10.6749404526827","","9.93210129","10.74847528","10.930421439919","11.55201784","12.42402413","13.15233129","",
"Egypt, Arab Rep.","EGY","Coverage of social insurance programs (% of population)","per_si_allsi.cov_pop_tot","","","","","","","","","","","","","","","","","","","","","","","","","","","","","","","","","","","","","","","","","","","","","","","","","21.3040866064956","","","","","","","","","","","","",
"Euro area","EMU","Coverage of social insurance programs (% of population)","per_si_allsi.cov_pop_tot","","","","","","","","","","","","","","","","","","","","","","","","","","","","","","","","","","","","","","","","","","","","","","","","","","","","","","","","","","","","","",
"Eritrea","ERI","Coverage of social insurance programs (% of population)","per_si_allsi.cov_pop_tot","","","","","","","","","","","","","","","","","","","","","","","","","","","","","","","","","","","","","","","","","","","","","","","","","","","","","","","","","","","","","",
"Spain","ESP","Coverage of social insurance programs (% of population)","per_si_allsi.cov_pop_tot","","","","","","","","","","","","","","","","","","","","","","","","","","","","","","","","","","","","","","","","","","","","","","","","","","","","","","","","","","","","","",
"Estonia","EST","Coverage of social insurance programs (% of population)","per_si_allsi.cov_pop_tot","","","","","","","","","","","","","","","","","","","","","","","","","","","","","","","","","","","","","","","","","","","","","","","","","","","","","","","","","","","","","",
"Ethiopia","ETH","Coverage of social insurance programs (% of population)","per_si_allsi.cov_pop_tot","","","","","","","","","","","","","","","","","","","","","","","","","","","","","","","","","","","","","","","","","","","","","","","","","","","","","","","","2.36834901780239","","","1.2535170900859","","",
"European Union","EUU","Coverage of social insurance programs (% of population)","per_si_allsi.cov_pop_tot","","","","","","","","","","","","","","","","","","","","","","","","","","","","","","","","","","","","","","","","","","","","","","","","","","","","","","","","","","","","","",
"Fragile and conflict affected situations","FCS","Coverage of social insurance programs (% of population)","per_si_allsi.cov_pop_tot","","","","","","","","","","","","","","","","","","","","","","","","","","","","","","","","","","","","","","","","","","","","","","","","","","","","","","","","","","","","","",
"Finland","FIN","Coverage of social insurance programs (% of population)","per_si_allsi.cov_pop_tot","","","","","","","","","","","","","","","","","","","","","","","","","","","","","","","","","","","","","","","","","","","","","","","","","","","","","","","","","","","","","",
"Fiji","FJI","Coverage of social insurance programs (% of population)","per_si_allsi.cov_pop_tot","","","","","","","","","","","","","","","","","","","","","","","","","","","","","","","","","","","","","","","","","","","","","","","","","5.32568979469768","","","","","8.91776451577618","","","","","","","",
"France","FRA","Coverage of social insurance programs (% of population)","per_si_allsi.cov_pop_tot","","","","","","","","","","","","","","","","","","","","","","","","","","","","","","","","","","","","","","","","","","","","","","","","","","","","","","","","","","","","","",
"Faroe Islands","FRO","Coverage of social insurance programs (% of population)","per_si_allsi.cov_pop_tot","","","","","","","","","","","","","","","","","","","","","","","","","","","","","","","","","","","","","","","","","","","","","","","","","","","","","","","","","","","","","",
"Micronesia, Fed. Sts.","FSM","Coverage of social insurance programs (% of population)","per_si_allsi.cov_pop_tot","","","","","","","","","","","","","","","","","","","","","","","","","","","","","","","","","","","","","","","","","17.3611900799107","","","","","","","","","","","","","","","","","","","","",
"Gabon","GAB","Coverage of social insurance programs (% of population)","per_si_allsi.cov_pop_tot","","","","","","","","","","","","","","","","","","","","","","","","","","","","","","","","","","","","","","","","","","","","","","13.4239635987688","","","","","","","","","","","","","","","",
"United Kingdom","GBR","Coverage of social insurance programs (% of population)","per_si_allsi.cov_pop_tot","","","","","","","","","","","","","","","","","","","","","","","","","","","","","","","","","","","","","","","","","","","","","","","","","","","","","","","","","","","","","",
"Georgia","GEO","Coverage of social insurance programs (% of population)","per_si_allsi.cov_pop_tot","","","","","","","","","","","","","","","","","","","","","","","","","","","","","","","","","","","","","","","","","","","","","","","","","","","","","","","","","","","","","",
"Ghana","GHA","Coverage of social insurance programs (% of population)","per_si_allsi.cov_pop_tot","","","","","","","","","","","","","","","","","","","","","","","","","","","","","","","","","","","","","","","","","","","","","","3.66121828742636","","","","","","","59.520413782887","","","","47.6573123860375","","","","",
"Gibraltar","GIB","Coverage of social insurance programs (% of population)","per_si_allsi.cov_pop_tot","","","","","","","","","","","","","","","","","","","","","","","","","","","","","","","","","","","","","","","","","","","","","","","","","","","","","","","","","","","","","",
"Guinea","GIN","Coverage of social insurance programs (% of population)","per_si_allsi.cov_pop_tot","","","","","","","","","","","","","","","","","","","","","","","","","","","","","","","","","","","","","","","","","","","","","","","","","","","","","2.28431612742755","","","","","","","","",
"Gambia, The","GMB","Coverage of social insurance programs (% of population)","per_si_allsi.cov_pop_tot","","","","","","","","","","","","","","","","","","","","","","","","","","","","","","","","","","","","","","","2.72573725747135","","","","","","","","","","","","1.75799959015575","","","","","1.46957727909906","","","","","",
"Guinea-Bissau","GNB","Coverage of social insurance programs (% of population)","per_si_allsi.cov_pop_tot","","","","","","","","","","","","","","","","","","","","","","","","","","","","","","","","","","","","","","","","","","","","","","","","","","","","","","","","","","","","","",
"Equatorial Guinea","GNQ","Coverage of social insurance programs (% of population)","per_si_allsi.cov_pop_tot","","","","","","","","","","","","","","","","","","","","","","","","","","","","","","","","","","","","","","","","","","","","","","","","","","","","","","","","","","","","","",
"Greece","GRC","Coverage of social insurance programs (% of population)","per_si_allsi.cov_pop_tot","","","","","","","","","","","","","","","","","","","","","","","","","","","","","","","","","","","","","","","","","","","","","","","","","","","","","","","","","","","","","",
"Grenada","GRD","Coverage of social insurance programs (% of population)","per_si_allsi.cov_pop_tot","","","","","","","","","","","","","","","","","","","","","","","","","","","","","","","","","","","","","","","","","","","","","","","","","","","","","","","","","","","","","",
"Greenland","GRL","Coverage of social insurance programs (% of population)","per_si_allsi.cov_pop_tot","","","","","","","","","","","","","","","","","","","","","","","","","","","","","","","","","","","","","","","","","","","","","","","","","","","","","","","","","","","","","",
"Guatemala","GTM","Coverage of social insurance programs (% of population)","per_si_allsi.cov_pop_tot","","","","","","","","","","","","","","","","","","","","","","","","","","","","","","","","","","","","","","","","","","","","","","","4.6984108331119","","","","","3.85268256594183","","","3.98668142098921","","","","","","",
"Guam","GUM","Coverage of social insurance programs (% of population)","per_si_allsi.cov_pop_tot","","","","","","","","","","","","","","","","","","","","","","","","","","","","","","","","","","","","","","","","","","","","","","","","","","","","","","","","","","","","","",
"Guyana","GUY","Coverage of social insurance programs (% of population)","per_si_allsi.cov_pop_tot","","","","","","","","","","","","","","","","","","","","","","","","","","","","","","","","","","","","","","","","","","","","","","","","","","","","","","","","","","","","","",
"High income","HIC","Coverage of social insurance programs (% of population)","per_si_allsi.cov_pop_tot","","","","","","","","","","","","","","","","","","","","","","","","","","","","","","","","","","","","","","","","","","","","","","","","","","","","","","","","","","","","","",
"Hong Kong SAR, China","HKG","Coverage of social insurance programs (% of population)","per_si_allsi.cov_pop_tot","","","","","","","","","","","","","","","","","","","","","","","","","","","","","","","","","","","","","","","","","","","","","","","","","","","","","","","","","","","","","",
"Honduras","HND","Coverage of social insurance programs (% of population)","per_si_allsi.cov_pop_tot","","","","","","","","","","","","","","","","","","","","","","","","","","","","","","","","","","","","","","","","","","","","","","","","","2.12483114164245","2.34833118595078","2.7388723491386","2.49409345817405","","2.71743333819519","","2.74146479414887","3.45708611543446","3.36646005821658","","","",
"Heavily indebted poor countries (HIPC)","HPC","Coverage of social insurance programs (% of population)","per_si_allsi.cov_pop_tot","","","","","","","","","","","","","","","","","","","","","","","","","","","","","","","","","","","","","","","","","","","","","","","","","","","","","","","","","","","","","",
"Croatia","HRV","Coverage of social insurance programs (% of population)","per_si_allsi.cov_pop_tot","","","","","","","","","","","","","","","","","","","","","","","","","","","","","","","","","","","","","","","","","","","","","","","","","54.7431290026623","","57.5129301257952","56.34706675","","","52.55621737","","","","","","",
"Haiti","HTI","Coverage of social insurance programs (% of population)","per_si_allsi.cov_pop_tot","","","","","","","","","","","","","","","","","","","","","","","","","","","","","","","","","","","","","","","","","","","","","","","","","","","","","0.37097142559664","","","","","","","","",
"Hungary","HUN","Coverage of social insurance programs (% of population)","per_si_allsi.cov_pop_tot","","","","","","","","","","","","","","","","","","","","","","","","","","","","","","","","","","","","","","","","","","","","","","","","57.1208107066803","","","","","","","","","","","","","",
"IBRD only","IBD","Coverage of social insurance programs (% of population)","per_si_allsi.cov_pop_tot","","","","","","","","","","","","","","","","","","","","","","","","","","","","","","","","","","","","","","","","","","","","","","","","","","","","","","","","","","","","","",
"IDA & IBRD total","IBT","Coverage of social insurance programs (% of population)","per_si_allsi.cov_pop_tot","","","","","","","","","","","","","","","","","","","","","","","","","","","","","","","","","","","","","","","","","","","","","","","","","","","","","","","","","","","","","",
"IDA total","IDA","Coverage of social insurance programs (% of population)","per_si_allsi.cov_pop_tot","","","","","","","","","","","","","","","","","","","","","","","","","","","","","","","","","","","","","","","","","","","","","","","","","","","","","","","","","","","","","",
"IDA blend","IDB","Coverage of social insurance programs (% of population)","per_si_allsi.cov_pop_tot","","","","","","","","","","","","","","","","","","","","","","","","","","","","","","","","","","","","","","","","","","","","","","","","","","","","","","","","","","","","","",
"Indonesia","IDN","Coverage of social insurance programs (% of population)","per_si_allsi.cov_pop_tot","","","","","","","","","","","","","","","","","","","","","","","","","","","","","","","","","","","","","","","","","","","","","","","","","","","","","","","9.3006857639065","8.17875443870597","","9.285938485","11.09690111","10.85829192","",
"IDA only","IDX","Coverage of social insurance programs (% of population)","per_si_allsi.cov_pop_tot","","","","","","","","","","","","","","","","","","","","","","","","","","","","","","","","","","","","","","","","","","","","","","","","","","","","","","","","","","","","","",
"Isle of Man","IMN","Coverage of social insurance programs (% of population)","per_si_allsi.cov_pop_tot","","","","","","","","","","","","","","","","","","","","","","","","","","","","","","","","","","","","","","","","","","","","","","","","","","","","","","","","","","","","","",
"India","IND","Coverage of social insurance programs (% of population)","per_si_allsi.cov_pop_tot","","","","","","","","","","","","","","","","","","","","","","","","","","","","","","","","","","","","","","","","","","","","","","","","","","","","17.6635167975397","","","","","","","","","",
"Not classified","INX","Coverage of social insurance programs (% of population)","per_si_allsi.cov_pop_tot","","","","","","","","","","","","","","","","","","","","","","","","","","","","","","","","","","","","","","","","","","","","","","","","","","","","","","","","","","","","","",
"Ireland","IRL","Coverage of social insurance programs (% of population)","per_si_allsi.cov_pop_tot","","","","","","","","","","","","","","","","","","","","","","","","","","","","","","","","","","","","","","","","","","","","","","","","","","","","","","","","","","","","","",
"Iran, Islamic Rep.","IRN","Coverage of social insurance programs (% of population)","per_si_allsi.cov_pop_tot","","","","","","","","","","","","","","","","","","","","","","","","","","","","","","","","","","","","","","","","","","","","","","","","","","","","","","","","","","","","","",
"Iraq","IRQ","Coverage of social insurance programs (% of population)","per_si_allsi.cov_pop_tot","","","","","","","","","","","","","","","","","","","","","","","","","","","","","","","","","","","","","","","","","","","","","","","28.185387961635","","","","","","26.3644655457086","","","","","","","","",
"Iceland","ISL","Coverage of social insurance programs (% of population)","per_si_allsi.cov_pop_tot","","","","","","","","","","","","","","","","","","","","","","","","","","","","","","","","","","","","","","","","","","","","","","","","","","","","","","","","","","","","","",
"Israel","ISR","Coverage of social insurance programs (% of population)","per_si_allsi.cov_pop_tot","","","","","","","","","","","","","","","","","","","","","","","","","","","","","","","","","","","","","","","","","","","","","","","","","","","","","","","","","","","","","",
"Italy","ITA","Coverage of social insurance programs (% of population)","per_si_allsi.cov_pop_tot","","","","","","","","","","","","","","","","","","","","","","","","","","","","","","","","","","","","","","","","","","","","","","","","","","","","","","","","","","","","","",
"Jamaica","JAM","Coverage of social insurance programs (% of population)","per_si_allsi.cov_pop_tot","","","","","","","","","","","","","","","","","","","","","","","","","","","","","","","","","","","","","","","","","","","5.56863514485645","","","","","","","","4.3422880963409","","","","","","","7.00190928","","","",
"Jordan","JOR","Coverage of social insurance programs (% of population)","per_si_allsi.cov_pop_tot","","","","","","","","","","","","","","","","","","","","","","","","","","","","","","","","","","","","","","","","","","","","","","","24.8957385234326","","","","28.234611765928","","","","","","","","","","",
"Japan","JPN","Coverage of social insurance programs (% of population)","per_si_allsi.cov_pop_tot","","","","","","","","","","","","","","","","","","","","","","","","","","","","","","","","","","","","","","","","","","","","","","","","","","","","","","","","","","","","","",
"Kazakhstan","KAZ","Coverage of social insurance programs (% of population)","per_si_allsi.cov_pop_tot","","","","","","","","","","","","","","","","","","","","","","","","","","","","","","","","","","","","","","","","","","","","","","","","29.1565413319401","","","28.9498650508237","","","","1.08672553333163","28.6769633035275","","31.5214073475669","","","",
"Kenya","KEN","Coverage of social insurance programs (% of population)","per_si_allsi.cov_pop_tot","","","","","","","","","","","","","","","","","","","","","","","","","","","","","","","","","","","","","","","","","","","","","","1.90716709007408","","","","","","","","","","1.18825729022986","","","","","",
"Kyrgyz Republic","KGZ","Coverage of social insurance programs (% of population)","per_si_allsi.cov_pop_tot","","","","","","","","","","","","","","","","","","","","","","","","","","","","","","","","","","","","","","","","","","","","","","","30.4660007967866","","","","","40.2230542780595","41.6405620169134","39.3497475478638","","","","","","","",
"Cambodia","KHM","Coverage of social insurance programs (% of population)","per_si_allsi.cov_pop_tot","","","","","","","","","","","","","","","","","","","","","","","","","","","","","","","","","","","","","","","","","","","","","","","","","2.6456237369239","","","","","1.86913898965382","","","","","","","",
"Kiribati","KIR","Coverage of social insurance programs (% of population)","per_si_allsi.cov_pop_tot","","","","","","","","","","","","","","","","","","","","","","","","","","","","","","","","","","","","","","","","","","","","","","","","","","","","","","","","","","","","","",
"St. Kitts and Nevis","KNA","Coverage of social insurance programs (% of population)","per_si_allsi.cov_pop_tot","","","","","","","","","","","","","","","","","","","","","","","","","","","","","","","","","","","","","","","","","","","","","","","","","","","","","","","","","","","","","",
"Korea, Rep.","KOR","Coverage of social insurance programs (% of population)","per_si_allsi.cov_pop_tot","","","","","","","","","","","","","","","","","","","","","","","","","","","","","","","","","","","","","","","","","","","","","","","","","","","","","","","","","","","","","",
"Kuwait","KWT","Coverage of social insurance programs (% of population)","per_si_allsi.cov_pop_tot","","","","","","","","","","","","","","","","","","","","","","","","","","","","","","","","","","","","","","","","","","","","","","","","","","","","","","","","","","","","","",
"Latin America & Caribbean (excluding high income)","LAC","Coverage of social insurance programs (% of population)","per_si_allsi.cov_pop_tot","","","","","","","","","","","","","","","","","","","","","","","","","","","","","","","","","","","","","","","","","","","","","","","","","","","","","","","","","","","","","",
"Lao PDR","LAO","Coverage of social insurance programs (% of population)","per_si_allsi.cov_pop_tot","","","","","","","","","","","","","","","","","","","","","","","","","","","","","","","","","","","","","","","","","","","","","","","","1.65252629846249","","","","","","","","","","","2.15922345728071","","",
"Lebanon","LBN","Coverage of social insurance programs (% of population)","per_si_allsi.cov_pop_tot","","","","","","","","","","","","","","","","","","","","","","","","","","","","","","","","","","","","","","","","","","","","","53.6608828693245","","","","","","","","","","","","","","","","",
"Liberia","LBR","Coverage of social insurance programs (% of population)","per_si_allsi.cov_pop_tot","","","","","","","","","","","","","","","","","","","","","","","","","","","","","","","","","","","","","","","","","","","","","","","","0.7516148383","","","","","","","","","0.4964287682","","","","",
"Libya","LBY","Coverage of social insurance programs (% of population)","per_si_allsi.cov_pop_tot","","","","","","","","","","","","","","","","","","","","","","","","","","","","","","","","","","","","","","","","","","","","","","","","","","","","","","","","","","","","","",
"St. Lucia","LCA","Coverage of social insurance programs (% of population)","per_si_allsi.cov_pop_tot","","","","","","","","","","","","","","","","","","","","","","","","","","","","","","","","","","","","","","","","","","","","","","","","","","","","","","","","","","","","","",
"Latin America & Caribbean","LCN","Coverage of social insurance programs (% of population)","per_si_allsi.cov_pop_tot","","","","","","","","","","","","","","","","","","","","","","","","","","","","","","","","","","","","","","","","","","","","","","","","","","","","","","","","","","","","","",
"Least developed countries: UN classification","LDC","Coverage of social insurance programs (% of population)","per_si_allsi.cov_pop_tot","","","","","","","","","","","","","","","","","","","","","","","","","","","","","","","","","","","","","","","","","","","","","","","","","","","","","","","","","","","","","",
"Low income","LIC","Coverage of social insurance programs (% of population)","per_si_allsi.cov_pop_tot","","","","","","","","","","","","","","","","","","","","","","","","","","","","","","","","","","","","","","","","","","","","","","","","","","","","","","","","","","","","","",
"Liechtenstein","LIE","Coverage of social insurance programs (% of population)","per_si_allsi.cov_pop_tot","","","","","","","","","","","","","","","","","","","","","","","","","","","","","","","","","","","","","","","","","","","","","","","","","","","","","","","","","","","","","",
"Sri Lanka","LKA","Coverage of social insurance programs (% of population)","per_si_allsi.cov_pop_tot","","","","","","","","","","","","","","","","","","","","","","","","","","","","","","","","","","","","","","","","","","","","","","","6.29317330964762","","","6.62762751796656","","","7.40060570466367","","","","7.8385107317496","","","","",
"Lower middle income","LMC","Coverage of social insurance programs (% of population)","per_si_allsi.cov_pop_tot","","","","","","","","","","","","","","","","","","","","","","","","","","","","","","","","","","","","","","","","","","","","","","","","","","","","","","","","","","","","","",
"Low & middle income","LMY","Coverage of social insurance programs (% of population)","per_si_allsi.cov_pop_tot","","","","","","","","","","","","","","","","","","","","","","","","","","","","","","","","","","","","","","","","","","","","","","","","","","","","","","","","","","","","","",
"Lesotho","LSO","Coverage of social insurance programs (% of population)","per_si_allsi.cov_pop_tot","","","","","","","","","","","","","","","","","","","","","","","","","","","","","","","","","","","","","","","","","","","","","","","","","","","","","","","","","","1.160380266","","","",
"Late-demographic dividend","LTE","Coverage of social insurance programs (% of population)","per_si_allsi.cov_pop_tot","","","","","","","","","","","","","","","","","","","","","","","","","","","","","","","","","","","","","","","","","","","","","","","","","","","","","","","","","","","","","",
"Lithuania","LTU","Coverage of social insurance programs (% of population)","per_si_allsi.cov_pop_tot","","","","","","","","","","","","","","","","","","","","","","","","","","","","","","","","","","","","","","","","","","","","","","","","","45.03507583","","","","","","","","","","","","",
"Luxembourg","LUX","Coverage of social insurance programs (% of population)","per_si_allsi.cov_pop_tot","","","","","","","","","","","","","","","","","","","","","","","","","","","","","","","","","","","","","","","","","","","","","","","","","","","","","","","","","","","","","",
"Latvia","LVA","Coverage of social insurance programs (% of population)","per_si_allsi.cov_pop_tot","","","","","","","","","","","","","","","","","","","","","","","","","","","","","","","","","","","","","","","","","","","","","","","","","52.4433570024829","45.7237457396669","","","","","","","","","","","",
"Macao SAR, China","MAC","Coverage of social insurance programs (% of population)","per_si_allsi.cov_pop_tot","","","","","","","","","","","","","","","","","","","","","","","","","","","","","","","","","","","","","","","","","","","","","","","","","","","","","","","","","","","","","",
"St. Martin (French part)","MAF","Coverage of social insurance programs (% of population)","per_si_allsi.cov_pop_tot","","","","","","","","","","","","","","","","","","","","","","","","","","","","","","","","","","","","","","","","","","","","","","","","","","","","","","","","","","","","","",
"Morocco","MAR","Coverage of social insurance programs (% of population)","per_si_allsi.cov_pop_tot","","","","","","","","","","","","","","","","","","","","","","","","","","","","","","","","","","","","","","","","","","","","","","","","","","","","","","","","","","","","","",
"Monaco","MCO","Coverage of social insurance programs (% of population)","per_si_allsi.cov_pop_tot","","","","","","","","","","","","","","","","","","","","","","","","","","","","","","","","","","","","","","","","","","","","","","","","","","","","","","","","","","","","","",
"Moldova","MDA","Coverage of social insurance programs (% of population)","per_si_allsi.cov_pop_tot","","","","","","","","","","","","","","","","","","","","","","","","","","","","","","","","","","","","","","","","","","","","","","","","","","","40.9016765855198","","43.2122586327721","43.89807654684","","","","","47.82853993","","",
"Madagascar","MDG","Coverage of social insurance programs (% of population)","per_si_allsi.cov_pop_tot","","","","","","","","","","","","","","","","","","","","","","","","","","","","","","","","","","","","","","","","","","","","","","","","","","","","","","","","","","","","","",
"Maldives","MDV","Coverage of social insurance programs (% of population)","per_si_allsi.cov_pop_tot","","","","","","","","","","","","","","","","","","","","","","","","","","","","","","","","","","","","","","","","","","","","","4.76228657729456","","","","","4.50469027466362","","","","","","","4.40613000547244","","","","",
"Middle East & North Africa","MEA","Coverage of social insurance programs (% of population)","per_si_allsi.cov_pop_tot","","","","","","","","","","","","","","","","","","","","","","","","","","","","","","","","","","","","","","","","","","","","","","","","","","","","","","","","","","","","","",
"Mexico","MEX","Coverage of social insurance programs (% of population)","per_si_allsi.cov_pop_tot","","","","","","","","","","","","","","","","","","","","","","","","","","","","","","","","","","","","","","","","","","","","","","","","","50.4691966625646","","50.5116870359452","","46.9576339223196","","41.8890606838191","","13.6015261978231","","13.8570441490864","","",
"Marshall Islands","MHL","Coverage of social insurance programs (% of population)","per_si_allsi.cov_pop_tot","","","","","","","","","","","","","","","","","","","","","","","","","","","","","","","","","","","","","","","","22.9505243775518","","","","","","","","","","","","","","","","","","","","","",
"Middle income","MIC","Coverage of social insurance programs (% of population)","per_si_allsi.cov_pop_tot","","","","","","","","","","","","","","","","","","","","","","","","","","","","","","","","","","","","","","","","","","","","","","","","","","","","","","","","","","","","","",
"North Macedonia","MKD","Coverage of social insurance programs (% of population)","per_si_allsi.cov_pop_tot","","","","","","","","","","","","","","","","","","","","","","","","","","","","","","","","","","","","","","","","","","","","","","","","","","","","","","","","","","","","","",
"Mali","MLI","Coverage of social insurance programs (% of population)","per_si_allsi.cov_pop_tot","","","","","","","","","","","","","","","","","","","","","","","","","","","","","","","","","","","","","","","","","","","","","","","","","","1.30579913373027","","","","","","","","","","","",
"Malta","MLT","Coverage of social insurance programs (% of population)","per_si_allsi.cov_pop_tot","","","","","","","","","","","","","","","","","","","","","","","","","","","","","","","","","","","","","","","","","","","","","","","","","","","","","","","","","","","","","",
"Myanmar","MMR","Coverage of social insurance programs (% of population)","per_si_allsi.cov_pop_tot","","","","","","","","","","","","","","","","","","","","","","","","","","","","","","","","","","","","","","","","","","","","","","","","","","","","","","","","","","5.34987630878229","","","",
"Middle East & North Africa (excluding high income)","MNA","Coverage of social insurance programs (% of population)","per_si_allsi.cov_pop_tot","","","","","","","","","","","","","","","","","","","","","","","","","","","","","","","","","","","","","","","","","","","","","","","","","","","","","","","","","","","","","",
"Montenegro","MNE","Coverage of social insurance programs (% of population)","per_si_allsi.cov_pop_tot","","","","","","","","","","","","","","","","","","","","","","","","","","","","","","","","","","","","","","","","","","","","","","","","","","","","52.9448937159637","46.6004740727219","45.5304163665584","47.9325447974338","","","","","","",
"Mongolia","MNG","Coverage of social insurance programs (% of population)","per_si_allsi.cov_pop_tot","","","","","","","","","","","","","","","","","","","","","","","","","","","","","","","","","","","","","","","","","","","","","","","","40.5357673523697","","41.8668656490382","42.9285109437941","38.4476575925429","43.2792788602746","","43.00636844","","44.52233342","","","","",
"Northern Mariana Islands","MNP","Coverage of social insurance programs (% of population)","per_si_allsi.cov_pop_tot","","","","","","","","","","","","","","","","","","","","","","","","","","","","","","","","","","","","","","","","","","","","","","","","","","","","","","","","","","","","","",
"Mozambique","MOZ","Coverage of social insurance programs (% of population)","per_si_allsi.cov_pop_tot","","","","","","","","","","","","","","","","","","","","","","","","","","","","","","","","","","","","","","","","","","","","","","","","","1.69778393837435","","","","","","3.808727213","","","","","","",
"Mauritania","MRT","Coverage of social insurance programs (% of population)","per_si_allsi.cov_pop_tot","","","","","","","","","","","","","","","","","","","","","","","","","","","","","","","","","","","","","","","","","","","","","","","","","9.22704354988754","","","","","","","","","","","","",
"Mauritius","MUS","Coverage of social insurance programs (% of population)","per_si_allsi.cov_pop_tot","","","","","","","","","","","","","","","","","","","","","","","","","","","","","","","","","","","","","","","","","","","","","","","3.28674625651007","","","","","","18.7915116621894","","","","","19.07626021","","","",
"Malawi","MWI","Coverage of social insurance programs (% of population)","per_si_allsi.cov_pop_tot","","","","","","","","","","","","","","","","","","","","","","","","","","","","","","","","","","","","","","","","","","","","","0.973979589523272","","","","","","0.661991820088254","","","1.01943040106067","","","0.566048355348621","","","","",
"Malaysia","MYS","Coverage of social insurance programs (% of population)","per_si_allsi.cov_pop_tot","","","","","","","","","","","","","","","","","","","","","","","","","","","","","","","","","","","","","","","","","","","","","","","","","6.76903359444432","","","","7.33840997690544","","8.12448549748957","","8.38058553824874","","","","",
"North America","NAC","Coverage of social insurance programs (% of population)","per_si_allsi.cov_pop_tot","","","","","","","","","","","","","","","","","","","","","","","","","","","","","","","","","","","","","","","","","","","","","","","","","","","","","","","","","","","","","",
"Namibia","NAM","Coverage of social insurance programs (% of population)","per_si_allsi.cov_pop_tot","","","","","","","","","","","","","","","","","","","","","","","","","","","","","","","","","","","","","","","","","","","","","","","","","","0.968663599554186","","","","","","3.851557065","","","","","",
"New Caledonia","NCL","Coverage of social insurance programs (% of population)","per_si_allsi.cov_pop_tot","","","","","","","","","","","","","","","","","","","","","","","","","","","","","","","","","","","","","","","","","","","","","","","","","","","","","","","","","","","","","",
"Niger","NER","Coverage of social insurance programs (% of population)","per_si_allsi.cov_pop_tot","","","","","","","","","","","","","","","","","","","","","","","","","","","","","","","","","","","","","","","","","","","","","","","","","","","","1.41793184706884","","","1.3730994574391","","","","","","",
"Nigeria","NGA","Coverage of social insurance programs (% of population)","per_si_allsi.cov_pop_tot","","","","","","","","","","","","","","","","","","","","","","","","","","","","","","","","","","","","","","","","","","","","","","","","","","","","","1.2460628835272","","","2.70706889939629","","","3.305229043","","",
"Nicaragua","NIC","Coverage of social insurance programs (% of population)","per_si_allsi.cov_pop_tot","","","","","","","","","","","","","","","","","","","","","","","","","","","","","","","","","","","","","","","","","","","","","","25.4297142950629","","","","5.61419945266473","","","","","13.7080391702969","","","","","","",
"Netherlands","NLD","Coverage of social insurance programs (% of population)","per_si_allsi.cov_pop_tot","","","","","","","","","","","","","","","","","","","","","","","","","","","","","","","","","","","","","","","","","","","","","","","","","","","","","","","","","","","","","",
"Norway","NOR","Coverage of social insurance programs (% of population)","per_si_allsi.cov_pop_tot","","","","","","","","","","","","","","","","","","","","","","","","","","","","","","","","","","","","","","","","","","","","","","","","","","","","","","","","","","","","","",
"Nepal","NPL","Coverage of social insurance programs (% of population)","per_si_allsi.cov_pop_tot","","","","","","","","","","","","","","","","","","","","","","","","","","","","","","","","","","","","","","","","","","","","","","","","","","","5.25896121599293","","","","","","","","","","",
"Nauru","NRU","Coverage of social insurance programs (% of population)","per_si_allsi.cov_pop_tot","","","","","","","","","","","","","","","","","","","","","","","","","","","","","","","","","","","","","","","","","","","","","","","","","","","","","","","","","","","","","",
"New Zealand","NZL","Coverage of social insurance programs (% of population)","per_si_allsi.cov_pop_tot","","","","","","","","","","","","","","","","","","","","","","","","","","","","","","","","","","","","","","","","","","","","","","","","","","","","","","","","","","","","","",
"OECD members","OED","Coverage of social insurance programs (% of population)","per_si_allsi.cov_pop_tot","","","","","","","","","","","","","","","","","","","","","","","","","","","","","","","","","","","","","","","","","","","","","","","","","","","","","","","","","","","","","",
"Oman","OMN","Coverage of social insurance programs (% of population)","per_si_allsi.cov_pop_tot","","","","","","","","","","","","","","","","","","","","","","","","","","","","","","","","","","","","","","","","","","","","","","","","","","","","","","","","","","","","","",
"Other small states","OSS","Coverage of social insurance programs (% of population)","per_si_allsi.cov_pop_tot","","","","","","","","","","","","","","","","","","","","","","","","","","","","","","","","","","","","","","","","","","","","","","","","","","","","","","","","","","","","","",
"Pakistan","PAK","Coverage of social insurance programs (% of population)","per_si_allsi.cov_pop_tot","","","","","","","","","","","","","","","","","","","","","","","","","","","","","","","","","","","","","","","","","","","","","","","","6.81569268330496","","7.72206340727278","","","","6.00800770169284","","5.93510652071786","","","6.447974159","","",
"Panama","PAN","Coverage of social insurance programs (% of population)","per_si_allsi.cov_pop_tot","","","","","","","","","","","","","","","","","","","","","","","","","","","","","","","","","","","","","","","","","","","","","","","","","16.2588914085251","18.7120423882349","18.3792890430729","17.462461690869","17.2491202625581","17.1851470704261","17.8827769650935","18.00074479","18.69681075","19.49913486","20.80287949","21.40987799","",
"Peru","PER","Coverage of social insurance programs (% of population)","per_si_allsi.cov_pop_tot","","","","","","","","","","","","","","","","","","","","","","","","","","","","","","","","","","","","","","","","","","","","","","","","","10.4753659446057","9.72019398640074","11.3199603632253","11.0895252453809","12.2250648715629","11.4930831914378","11.5158648509964","10.3763147642673","10.4952483073738","10.4238262821454","10.1206118043116","10.0410713705115","",
"Philippines","PHL","Coverage of social insurance programs (% of population)","per_si_allsi.cov_pop_tot","","","","","","","","","","","","","","","","","","","","","","","","","","","","","","","","","","","","","","","","","","","","","","","7.47253402913531","","","","","","","11.1473792716423","","8.92214945787277","","","","","",
"Palau","PLW","Coverage of social insurance programs (% of population)","per_si_allsi.cov_pop_tot","","","","","","","","","","","","","","","","","","","","","","","","","","","","","","","","","","","","","","","","","","","","","","","36.4229229809136","","","","","","","","","","","","","","",
"Papua New Guinea","PNG","Coverage of social insurance programs (% of population)","per_si_allsi.cov_pop_tot","","","","","","","","","","","","","","","","","","","","","","","","","","","","","","","","","","","","","","","","","","","","","","","","","","1.00516847867008","","","","","","","","","","","",
"Poland","POL","Coverage of social insurance programs (% of population)","per_si_allsi.cov_pop_tot","","","","","","","","","","","","","","","","","","","","","","","","","","","","","","","","","","","","","","","","","","","","","","48.398353589879","47.927951306373","46.9713315373708","46.4393517232493","45.7922500143518","45.3684210331004","44.9534001871237","43.7884296230798","","","43.9165017","","","","","",
"Pre-demographic dividend","PRE","Coverage of social insurance programs (% of population)","per_si_allsi.cov_pop_tot","","","","","","","","","","","","","","","","","","","","","","","","","","","","","","","","","","","","","","","","","","","","","","","","","","","","","","","","","","","","","",
"Puerto Rico","PRI","Coverage of social insurance programs (% of population)","per_si_allsi.cov_pop_tot","","","","","","","","","","","","","","","","","","","","","","","","","","","","","","","","","","","","","","","","","","","","","","","","","","","","","","","","","","","","","",
"Korea, Dem. People's Rep.","PRK","Coverage of social insurance programs (% of population)","per_si_allsi.cov_pop_tot","","","","","","","","","","","","","","","","","","","","","","","","","","","","","","","","","","","","","","","","","","","","","","","","","","","","","","","","","","","","","",
"Portugal","PRT","Coverage of social insurance programs (% of population)","per_si_allsi.cov_pop_tot","","","","","","","","","","","","","","","","","","","","","","","","","","","","","","","","","","","","","","","","","","","","","","","","","","","","","","","","","","","","","",
"Paraguay","PRY","Coverage of social insurance programs (% of population)","per_si_allsi.cov_pop_tot","","","","","","","","","","","","","","","","","","","","","","","","","","","","","","","","","","","","","","","","","","","","","","","","5.07952653091334","5.69773760002233","6.68247924080475","5.90483386670757","6.31101299786414","14.2207004914537","5.04858863441349","5.48316160368891","5.29466661506232","5.43436593548234","5.39591051313547","5.33113181777497","5.65368703601549","",
"West Bank and Gaza","PSE","Coverage of social insurance programs (% of population)","per_si_allsi.cov_pop_tot","","","","","","","","","","","","","","","","","","","","","","","","","","","","","","","","","","","","","","","","","","","","","","","","","","","","","","","","","3.62767722511051","","","","",
"Pacific island small states","PSS","Coverage of social insurance programs (% of population)","per_si_allsi.cov_pop_tot","","","","","","","","","","","","","","","","","","","","","","","","","","","","","","","","","","","","","","","","","","","","","","","","","","","","","","","","","","","","","",
"Post-demographic dividend","PST","Coverage of social insurance programs (% of population)","per_si_allsi.cov_pop_tot","","","","","","","","","","","","","","","","","","","","","","","","","","","","","","","","","","","","","","","","","","","","","","","","","","","","","","","","","","","","","",
"French Polynesia","PYF","Coverage of social insurance programs (% of population)","per_si_allsi.cov_pop_tot","","","","","","","","","","","","","","","","","","","","","","","","","","","","","","","","","","","","","","","","","","","","","","","","","","","","","","","","","","","","","",
"Qatar","QAT","Coverage of social insurance programs (% of population)","per_si_allsi.cov_pop_tot","","","","","","","","","","","","","","","","","","","","","","","","","","","","","","","","","","","","","","","","","","","","","","","","","","","","","","","","","","","","","",
"Romania","ROU","Coverage of social insurance programs (% of population)","per_si_allsi.cov_pop_tot","","","","","","","","","","","","","","","","","","","","","","","","","","","","","","","","","","","","","","","","","","","","","","","","","48.7203061109257","","","47.2210823598508","46.8599339285945","","","","43.43829491","","","","",
"Russian Federation","RUS","Coverage of social insurance programs (% of population)","per_si_allsi.cov_pop_tot","","","","","","","","","","","","","","","","","","","","","","","","","","","","","","","","","","","","","","","","","","","","","","","","41.8650045316181","","","","","","","54.6716977428188","54.0497572504595","56.3411995255727","56.38057804","","","",
"Rwanda","RWA","Coverage of social insurance programs (% of population)","per_si_allsi.cov_pop_tot","","","","","","","","","","","","","","","","","","","","","","","","","","","","","","","","","","","","","","","","","","","","","","0.7725058208","","","","","0.9178858865","","","10.78443064","","","","","","","",
"South Asia","SAS","Coverage of social insurance programs (% of population)","per_si_allsi.cov_pop_tot","","","","","","","","","","","","","","","","","","","","","","","","","","","","","","","","","","","","","","","","","","","","","","","","","","","","","","","","","","","","","",
"Saudi Arabia","SAU","Coverage of social insurance programs (% of population)","per_si_allsi.cov_pop_tot","","","","","","","","","","","","","","","","","","","","","","","","","","","","","","","","","","","","","","","","","","","","","","","","","","","","","","","","","","","","","",
"Sudan","SDN","Coverage of social insurance programs (% of population)","per_si_allsi.cov_pop_tot","","","","","","","","","","","","","","","","","","","","","","","","","","","","","","","","","","","","","","","","","","","","","","","","","","","","","","","","","","","","","",
"Senegal","SEN","Coverage of social insurance programs (% of population)","per_si_allsi.cov_pop_tot","","","","","","","","","","","","","","","","","","","","","","","","","","","","","","","","","","","","","","","","","","","","","","","","","","","","8.31744084521165","","","","","","","","","",
"Singapore","SGP","Coverage of social insurance programs (% of population)","per_si_allsi.cov_pop_tot","","","","","","","","","","","","","","","","","","","","","","","","","","","","","","","","","","","","","","","","","","","","","","","","","","","","","","","","","","","","","",
"Solomon Islands","SLB","Coverage of social insurance programs (% of population)","per_si_allsi.cov_pop_tot","","","","","","","","","","","","","","","","","","","","","","","","","","","","","","","","","","","","","","","","","","","","","","1.20980380057381","","","","","","","","","","","","","","","",
"Sierra Leone","SLE","Coverage of social insurance programs (% of population)","per_si_allsi.cov_pop_tot","","","","","","","","","","","","","","","","","","","","","","","","","","","","","","","","","","","","","","","","","","","","","","","","","","","","","","","","","","","0.907571533648663","","",
"El Salvador","SLV","Coverage of social insurance programs (% of population)","per_si_allsi.cov_pop_tot","","","","","","","","","","","","","","","","","","","","","","","","","","","","","","","","","","","","","","","","","","","","","","","","5.4084113060992","8.6347675463757","6.34694678010082","5.65257258933091","5.57171846257545","5.47715150305986","","6.15611135696081","5.251456724","5.241404288","5.516812213","5.819461855","6.714477474","",
"San Marino","SMR","Coverage of social insurance programs (% of population)","per_si_allsi.cov_pop_tot","","","","","","","","","","","","","","","","","","","","","","","","","","","","","","","","","","","","","","","","","","","","","","","","","","","","","","","","","","","","","",
"Somalia","SOM","Coverage of social insurance programs (% of population)","per_si_allsi.cov_pop_tot","","","","","","","","","","","","","","","","","","","","","","","","","","","","","","","","","","","","","","","","","","","","","","","","","","","","","","","","","","","","","",
"Serbia","SRB","Coverage of social insurance programs (% of population)","per_si_allsi.cov_pop_tot","","","","","","","","","","","","","","","","","","","","","","","","","","","","","","","","","","","","","","","","","","","","","","","","55.1548617417008","","","58.6282144076038","","","56.3974913703716","","52.0960296365632","","","","","",
"Sub-Saharan Africa (excluding high income)","SSA","Coverage of social insurance programs (% of population)","per_si_allsi.cov_pop_tot","","","","","","","","","","","","","","","","","","","","","","","","","","","","","","","","","","","","","","","","","","","","","","","","","","","","","","","","","","","","","",
"South Sudan","SSD","Coverage of social insurance programs (% of population)","per_si_allsi.cov_pop_tot","","","","","","","","","","","","","","","","","","","","","","","","","","","","","","","","","","","","","","","","","","","","","","","","","","","","","","","","","","","","","",
"Sub-Saharan Africa","SSF","Coverage of social insurance programs (% of population)","per_si_allsi.cov_pop_tot","","","","","","","","","","","","","","","","","","","","","","","","","","","","","","","","","","","","","","","","","","","","","","","","","","","","","","","","","","","","","",
"Small states","SST","Coverage of social insurance programs (% of population)","per_si_allsi.cov_pop_tot","","","","","","","","","","","","","","","","","","","","","","","","","","","","","","","","","","","","","","","","","","","","","","","","","","","","","","","","","","","","","",
"Sao Tome and Principe","STP","Coverage of social insurance programs (% of population)","per_si_allsi.cov_pop_tot","","","","","","","","","","","","","","","","","","","","","","","","","","","","","","","","","","","","","","","","","","","","","","","","","","","","","","","","","","","","","",
"Suriname","SUR","Coverage of social insurance programs (% of population)","per_si_allsi.cov_pop_tot","","","","","","","","","","","","","","","","","","","","","","","","","","","","","","","","","","","","","","","","","","","","","","","","","","","","","","","","","","","","","",
"Slovak Republic","SVK","Coverage of social insurance programs (% of population)","per_si_allsi.cov_pop_tot","","","","","","","","","","","","","","","","","","","","","","","","","","","","","","","","","","","","","","","","","","","","","","","","","","49.7154774112668","","","","","","","","","","","",
"Slovenia","SVN","Coverage of social insurance programs (% of population)","per_si_allsi.cov_pop_tot","","","","","","","","","","","","","","","","","","","","","","","","","","","","","","","","","","","","","","","","","","","","","","","","","","","","","","","","","","","","","",
"Sweden","SWE","Coverage of social insurance programs (% of population)","per_si_allsi.cov_pop_tot","","","","","","","","","","","","","","","","","","","","","","","","","","","","","","","","","","","","","","","","","","","","","","","","","","","","","","","","","","","","","",
"Eswatini","SWZ","Coverage of social insurance programs (% of population)","per_si_allsi.cov_pop_tot","","","","","","","","","","","","","","","","","","","","","","","","","","","","","","","","","","","","","","","","","","","","","","","","","","","","","","","","","5.714110619","","","","",
"Sint Maarten (Dutch part)","SXM","Coverage of social insurance programs (% of population)","per_si_allsi.cov_pop_tot","","","","","","","","","","","","","","","","","","","","","","","","","","","","","","","","","","","","","","","","","","","","","","","","","","","","","","","","","","","","","",
"Seychelles","SYC","Coverage of social insurance programs (% of population)","per_si_allsi.cov_pop_tot","","","","","","","","","","","","","","","","","","","","","","","","","","","","","","","","","","","","","","","","","","","","","","","","","","","","","","","","","","","","","",
"Syrian Arab Republic","SYR","Coverage of social insurance programs (% of population)","per_si_allsi.cov_pop_tot","","","","","","","","","","","","","","","","","","","","","","","","","","","","","","","","","","","","","","","","","","","","8.19379853906782","","","","","","","","","","","","","","","","","",
"Turks and Caicos Islands","TCA","Coverage of social insurance programs (% of population)","per_si_allsi.cov_pop_tot","","","","","","","","","","","","","","","","","","","","","","","","","","","","","","","","","","","","","","","","","","","","","","","","","","","","","","","","","","","","","",
"Chad","TCD","Coverage of social insurance programs (% of population)","per_si_allsi.cov_pop_tot","","","","","","","","","","","","","","","","","","","","","","","","","","","","","","","","","","","","","","","","","","","","","","","","","","","","2.47797179203433","","","","","","","","","",
"East Asia & Pacific (IDA & IBRD countries)","TEA","Coverage of social insurance programs (% of population)","per_si_allsi.cov_pop_tot","","","","","","","","","","","","","","","","","","","","","","","","","","","","","","","","","","","","","","","","","","","","","","","","","","","","","","","","","","","","","",
"Europe & Central Asia (IDA & IBRD countries)","TEC","Coverage of social insurance programs (% of population)","per_si_allsi.cov_pop_tot","","","","","","","","","","","","","","","","","","","","","","","","","","","","","","","","","","","","","","","","","","","","","","","","","","","","","","","","","","","","","",
"Togo","TGO","Coverage of social insurance programs (% of population)","per_si_allsi.cov_pop_tot","","","","","","","","","","","","","","","","","","","","","","","","","","","","","","","","","","","","","","","","","","","","","","","","","","","","3.00957537816722","","","","","","","","","",
"Thailand","THA","Coverage of social insurance programs (% of population)","per_si_allsi.cov_pop_tot","","","","","","","","","","","","","","","","","","","","","","","","","","","","","","","","","","","","","","","","","","","","","","","14.6843926602607","","","14.8098525322394","","14.4781438002271","","14.3687048445181","","","","3.50399566618451","","","",
"Tajikistan","TJK","Coverage of social insurance programs (% of population)","per_si_allsi.cov_pop_tot","","","","","","","","","","","","","","","","","","","","","","","","","","","","","","","","","","","","","","","","","","","","","","","","","","","","34.1492100528733","","","","","","","","","",
"Turkmenistan","TKM","Coverage of social insurance programs (% of population)","per_si_allsi.cov_pop_tot","","","","","","","","","","","","","","","","","","","","","","","","","","","","","","","","","","","","","","","","","","","","","","","","","","","","","","","","","","","","","",
"Latin America & the Caribbean (IDA & IBRD countries)","TLA","Coverage of social insurance programs (% of population)","per_si_allsi.cov_pop_tot","","","","","","","","","","","","","","","","","","","","","","","","","","","","","","","","","","","","","","","","","","","","","","","","","","","","","","","","","","","","","",
"Timor-Leste","TLS","Coverage of social insurance programs (% of population)","per_si_allsi.cov_pop_tot","","","","","","","","","","","","","","","","","","","","","","","","","","","","","","","","","","","","","","","","","","","","","","","","","","","","1.24062635403727","","","","","","","","","",
"Middle East & North Africa (IDA & IBRD countries)","TMN","Coverage of social insurance programs (% of population)","per_si_allsi.cov_pop_tot","","","","","","","","","","","","","","","","","","","","","","","","","","","","","","","","","","","","","","","","","","","","","","","","","","","","","","","","","","","","","",
"Tonga","TON","Coverage of social insurance programs (% of population)","per_si_allsi.cov_pop_tot","","","","","","","","","","","","","","","","","","","","","","","","","","","","","","","","","","","","","","","","","","","","","","","","","","1.28827389289594","","","","","","","","","","","",
"South Asia (IDA & IBRD)","TSA","Coverage of social insurance programs (% of population)","per_si_allsi.cov_pop_tot","","","","","","","","","","","","","","","","","","","","","","","","","","","","","","","","","","","","","","","","","","","","","","","","","","","","","","","","","","","","","",
"Sub-Saharan Africa (IDA & IBRD countries)","TSS","Coverage of social insurance programs (% of population)","per_si_allsi.cov_pop_tot","","","","","","","","","","","","","","","","","","","","","","","","","","","","","","","","","","","","","","","","","","","","","","","","","","","","","","","","","","","","","",
"Trinidad and Tobago","TTO","Coverage of social insurance programs (% of population)","per_si_allsi.cov_pop_tot","","","","","","","","","","","","","","","","","","","","","","","","","","","","","","","","","","","","","","","","","","","","","","","","","","","","","","","","","","","","","",
"Tunisia","TUN","Coverage of social insurance programs (% of population)","per_si_allsi.cov_pop_tot","","","","","","","","","","","","","","","","","","","","","","","","","","","","","","","","","","","","","","","","","","","","","","","","","","","","","","","","","","","","","",
"Turkey","TUR","Coverage of social insurance programs (% of population)","per_si_allsi.cov_pop_tot","","","","","","","","","","","","","","","","","","","","","","","","","","","","","","","","","","","","","","","","","","","","","29.4103890069505","31.0197357780177","30.7501041037207","32.3792771655451","34.6211254576984","33.1210817543388","33.4871904449015","34.1954473522408","35.4201415930258","36.52973739","37.10573065","36.5347534385449","36.0602768561565","","37.82277845","37.17264798","",
"Tuvalu","TUV","Coverage of social insurance programs (% of population)","per_si_allsi.cov_pop_tot","","","","","","","","","","","","","","","","","","","","","","","","","","","","","","","","","","","","","","","","","","","","","","","","","","","","","","","","","","","","","",
"Tanzania","TZA","Coverage of social insurance programs (% of population)","per_si_allsi.cov_pop_tot","","","","","","","","","","","","","","","","","","","","","","","","","","","","","","","","","","","","","","","","","","","","","","","","","","","0.9639747495796","","1.33518214710598","","1.29319942331357","","","","","","",
"Uganda","UGA","Coverage of social insurance programs (% of population)","per_si_allsi.cov_pop_tot","","","","","","","","","","","","","","","","","","","","","","","","","","","","","","","","","","","","","","","","","","","","","","0.963110468060397","","","","0.861091584516169","","","0.881115931846307","","","","0.569601271182531","","","","",
"Ukraine","UKR","Coverage of social insurance programs (% of population)","per_si_allsi.cov_pop_tot","","","","","","","","","","","","","","","","","","","","","","","","","","","","","","","","","","","","","","","","","","","","","","","50.7400935062883","","","","","51.8699151718461","51.0860670824292","51.0589200844259","","51.4221630618031","50.31639188","","49.76429135","","",
"Upper middle income","UMC","Coverage of social insurance programs (% of population)","per_si_allsi.cov_pop_tot","","","","","","","","","","","","","","","","","","","","","","","","","","","","","","","","","","","","","","","","","","","","","","","","","","","","","","","","","","","","","",
"Uruguay","URY","Coverage of social insurance programs (% of population)","per_si_allsi.cov_pop_tot","","","","","","","","","","","","","","","","","","","","","","","","","","","","","","","","","","","","","","","","","","","","","","","","","37.4246391267927","35.8638978293605","36.4687484502143","36.1943084191802","36.68031491","","","35.18822846","35.36502236","35.23260789","35.13400022","34.93919167","",
"United States","USA","Coverage of social insurance programs (% of population)","per_si_allsi.cov_pop_tot","","","","","","","","","","","","","","","","","","","","","","","","","","","","","","","","","","","","","","","","","","","","","","","","","","","","","","","","","","","","","",
"Uzbekistan","UZB","Coverage of social insurance programs (% of population)","per_si_allsi.cov_pop_tot","","","","","","","","","","","","","","","","","","","","","","","","","","","","","","","","","","","","","","","","","","","","","","","","","","","","","","","","","","","20.1199863855497","","",
"St. Vincent and the Grenadines","VCT","Coverage of social insurance programs (% of population)","per_si_allsi.cov_pop_tot","","","","","","","","","","","","","","","","","","","","","","","","","","","","","","","","","","","","","","","","","","","","","","","","","","","","","","","","","","","","","",
"Venezuela, RB","VEN","Coverage of social insurance programs (% of population)","per_si_allsi.cov_pop_tot","","","","","","","","","","","","","","","","","","","","","","","","","","","","","","","","","","","","","","","","","","","","","","","10.2412145944695","","","","","","","","","","","","","","",
"British Virgin Islands","VGB","Coverage of social insurance programs (% of population)","per_si_allsi.cov_pop_tot","","","","","","","","","","","","","","","","","","","","","","","","","","","","","","","","","","","","","","","","","","","","","","","","","","","","","","","","","","","","","",
"Virgin Islands (U.S.)","VIR","Coverage of social insurance programs (% of population)","per_si_allsi.cov_pop_tot","","","","","","","","","","","","","","","","","","","","","","","","","","","","","","","","","","","","","","","","","","","","","","","","","","","","","","","","","","","","","",
"Vietnam","VNM","Coverage of social insurance programs (% of population)","per_si_allsi.cov_pop_tot","","","","","","","","","","","","","","","","","","","","","","","","","","","","","","","","","","","","","","","","","","","","","","","17.1598824549761","","","","14.0923491492514","","14.4107161374148","","15.2492432666176","","","","","","",
"Vanuatu","VUT","Coverage of social insurance programs (% of population)","per_si_allsi.cov_pop_tot","","","","","","","","","","","","","","","","","","","","","","","","","","","","","","","","","","","","","","","","","","","","","","","","","","","","","","","","","","","","","",
"World","WLD","Coverage of social insurance programs (% of population)","per_si_allsi.cov_pop_tot","","","","","","","","","","","","","","","","","","","","","","","","","","","","","","","","","","","","","","","","","","","","","","","","","","","","","","","","","","","","","",
"Samoa","WSM","Coverage of social insurance programs (% of population)","per_si_allsi.cov_pop_tot","","","","","","","","","","","","","","","","","","","","","","","","","","","","","","","","","","","","","","","","","","","","","","","","","33.6380676663692","","","","","","","","","","","","",
"Kosovo","XKX","Coverage of social insurance programs (% of population)","per_si_allsi.cov_pop_tot","","","","","","","","","","","","","","","","","","","","","","","","","","","","","","","","","","","","","","","","","","","","","","","20.581597359955","","","","","35.5674750206322","36.1149789323611","35.0002633807955","","","","","","","",
"Yemen, Rep.","YEM","Coverage of social insurance programs (% of population)","per_si_allsi.cov_pop_tot","","","","","","","","","","","","","","","","","","","","","","","","","","","","","","","","","","","","","","","","","","","","","","10.2741973297215","","","","","","","","","","","","","","","",
"South Africa","ZAF","Coverage of social insurance programs (% of population)","per_si_allsi.cov_pop_tot","","","","","","","","","","","","","","","","","","","","","","","","","","","","","","","","","","","","","","","","","","","","","","2.80816295011588","","","","","3.4132036363106","","","","3.3527477311896","","","","","","",
"Zambia","ZMB","Coverage of social insurance programs (% of population)","per_si_allsi.cov_pop_tot","","","","","","","","","","","","","","","","","","","","","","","","","","","","","","","","","","","","","","","","","","","","","","","","","","","1.05257306906133","","","","","0.923653016558798","","","","","",
"Zimbabwe","ZWE","Coverage of social insurance programs (% of population)","per_si_allsi.cov_pop_tot","","","","","","","","","","","","","","","","","","","","","","","","","","","","","","","","","","","","","","","","","","","","","","","","1.20927811945352","","","","2.65503997288927","","","","","","3.407481109","","4.80744769","",
